[
    { "name": "Manchester", "county": "Greater Manchester", "country": "England" },
    { "name": "Salford", "county": "Greater Manchester", "country": "England" },
    { "name": "Bolton", "county": "Greater Manchester", "country": "England" },
    { "name": "Bury", "county": "Greater Manchester", "country": "England" },
    { "name": "Rochdale", "county": "Greater Manchester", "country": "England" },
    { "name": "Oldham", "county": "Greater Manchester", "country": "England" },
    { "name": "Stockport", "county": "Greater Manchester", "country": "England" },
    { "name": "Wigan", "county": "Greater Manchester", "country": "England" },
    { "name": "Tameside", "county": "Greater Manchester", "country": "England" },
    { "name": "Ashton-under-Lyne", "county": "Greater Manchester", "country": "England" },
    { "name": "Stalybridge", "county": "Greater Manchester", "country": "England" },
    { "name": "Hyde", "county": "Greater Manchester", "country": "England" },
    { "name": "Denton", "county": "Greater Manchester", "country": "England" },
    { "name": "Droylsden", "county": "Greater Manchester", "country": "England" },
    { "name": "Altrincham", "county": "Greater Manchester", "country": "England" },
    { "name": "Sale", "county": "Greater Manchester", "country": "England" },
    { "name": "Stretford", "county": "Greater Manchester", "country": "England" },
    { "name": "Urmston", "county": "Greater Manchester", "country": "England" },
    { "name": "Eccles", "county": "Greater Manchester", "country": "England" },
    { "name": "Swinton", "county": "Greater Manchester", "country": "England" },
    { "name": "Walkden", "county": "Greater Manchester", "country": "England" },
    { "name": "Farnworth", "county": "Greater Manchester", "country": "England" },
    { "name": "Radcliffe", "county": "Greater Manchester", "country": "England" },
    { "name": "Prestwich", "county": "Greater Manchester", "country": "England" },
    { "name": "Whitefield", "county": "Greater Manchester", "country": "England" },
    { "name": "Middleton", "county": "Greater Manchester", "country": "England" },
    { "name": "Heywood", "county": "Greater Manchester", "country": "England" },
    { "name": "Leigh", "county": "Greater Manchester", "country": "England" },
    { "name": "Atherton", "county": "Greater Manchester", "country": "England" },
    { "name": "Tyldesley", "county": "Greater Manchester", "country": "England" },
    { "name": "Horwich", "county": "Greater Manchester", "country": "England" },
    { "name": "Westhoughton", "county": "Greater Manchester", "country": "England" },
    { "name": "Ramsbottom", "county": "Greater Manchester", "country": "England" },
    { "name": "Tottington", "county": "Greater Manchester", "country": "England" },
    { "name": "Chadderton", "county": "Greater Manchester", "country": "England" },
    { "name": "Shaw", "county": "Greater Manchester", "country": "England" },
    { "name": "Littleborough", "county": "Greater Manchester", "country": "England" },
    { "name": "Milnrow", "county": "Greater Manchester", "country": "England" },
    { "name": "Marple", "county": "Greater Manchester", "country": "England" },
    { "name": "Cheadle", "county": "Greater Manchester", "country": "England" },
    { "name": "Cheadle Hulme", "county": "Greater Manchester", "country": "England" },
    { "name": "Bramhall", "county": "Greater Manchester", "country": "England" },
    { "name": "Hazel Grove", "county": "Greater Manchester", "country": "England" },
    { "name": "Poynton", "county": "Cheshire", "country": "England" },
    { "name": "Warrington", "county": "Cheshire", "country": "England" },
    { "name": "Chester", "county": "Cheshire", "country": "England" },
    { "name": "Crewe", "county": "Cheshire", "country": "England" },
    { "name": "Nantwich", "county": "Cheshire", "country": "England" },
    { "name": "Northwich", "county": "Cheshire", "country": "England" },
    { "name": "Winsford", "county": "Cheshire", "country": "England" },
    { "name": "Middlewich", "county": "Cheshire", "country": "England" },
    { "name": "Sandbach", "county": "Cheshire", "country": "England" },
    { "name": "Congleton", "county": "Cheshire", "country": "England" },
    { "name": "Macclesfield", "county": "Cheshire", "country": "England" },
    { "name": "Alderley Edge", "county": "Cheshire", "country": "England" },
    { "name": "Knutsford", "county": "Cheshire", "country": "England" },
    { "name": "Wilmslow", "county": "Cheshire", "country": "England" },
    { "name": "Handforth", "county": "Cheshire", "country": "England" },
    { "name": "Holmes Chapel", "county": "Cheshire", "country": "England" },
    { "name": "Alsager", "county": "Cheshire", "country": "England" },
    { "name": "Frodsham", "county": "Cheshire", "country": "England" },
    { "name": "Helsby", "county": "Cheshire", "country": "England" },
    { "name": "Tarporley", "county": "Cheshire", "country": "England" },
    { "name": "Malpas", "county": "Cheshire", "country": "England" },
    { "name": "Neston", "county": "Cheshire", "country": "England" },
    { "name": "Lymm", "county": "Cheshire", "country": "England" },
    { "name": "Runcorn", "county": "Cheshire", "country": "England" },
    { "name": "Widnes", "county": "Cheshire", "country": "England" },
    { "name": "Ellesmere Port", "county": "Cheshire", "country": "England" },
    { "name": "Chester-le-Street", "county": "Cheshire", "country": "England" },
  
    { "name": "Liverpool", "county": "Merseyside", "country": "England" },
    { "name": "Birkenhead", "county": "Merseyside", "country": "England" },
    { "name": "Wallasey", "county": "Merseyside", "country": "England" },
    { "name": "Bootle", "county": "Merseyside", "country": "England" },
    { "name": "Crosby", "county": "Merseyside", "country": "England" },
    { "name": "Southport", "county": "Merseyside", "country": "England" },
    { "name": "Formby", "county": "Merseyside", "country": "England" },
    { "name": "St Helens", "county": "Merseyside", "country": "England" },
    { "name": "Prescot", "county": "Merseyside", "country": "England" },
    { "name": "Newton-le-Willows", "county": "Merseyside", "country": "England" },
    { "name": "Hoylake", "county": "Merseyside", "country": "England" },
    { "name": "West Kirby", "county": "Merseyside", "country": "England" },
  
    { "name": "Preston", "county": "Lancashire", "country": "England" },
    { "name": "Blackpool", "county": "Lancashire", "country": "England" },
    { "name": "Blackburn", "county": "Lancashire", "country": "England" },
    { "name": "Burnley", "county": "Lancashire", "country": "England" },
    { "name": "Chorley", "county": "Lancashire", "country": "England" },
    { "name": "Leyland", "county": "Lancashire", "country": "England" },
    { "name": "Lancaster", "county": "Lancashire", "country": "England" },
    { "name": "Morecambe", "county": "Lancashire", "country": "England" },
    { "name": "Accrington", "county": "Lancashire", "country": "England" },
    { "name": "Nelson", "county": "Lancashire", "country": "England" },
    { "name": "Colne", "county": "Lancashire", "country": "England" },
    { "name": "Bacup", "county": "Lancashire", "country": "England" },
    { "name": "Rawtenstall", "county": "Lancashire", "country": "England" },
    { "name": "Haslingden", "county": "Lancashire", "country": "England" },
    { "name": "Darwen", "county": "Lancashire", "country": "England" },
    { "name": "Skelmersdale", "county": "Lancashire", "country": "England" },
    { "name": "Ormskirk", "county": "Lancashire", "country": "England" },
    { "name": "Burscough", "county": "Lancashire", "country": "England" },
    { "name": "Kirkham", "county": "Lancashire", "country": "England" },
    { "name": "Lytham St Annes", "county": "Lancashire", "country": "England" },
    { "name": "Fleetwood", "county": "Lancashire", "country": "England" },
    { "name": "Poulton-le-Fylde", "county": "Lancashire", "country": "England" },
    { "name": "Clitheroe", "county": "Lancashire", "country": "England" },
    { "name": "Garstang", "county": "Lancashire", "country": "England" },
    { "name": "Longridge", "county": "Lancashire", "country": "England" },
    { "name": "Padiham", "county": "Lancashire", "country": "England" },
  
    { "name": "Leeds", "county": "West Yorkshire", "country": "England" },
    { "name": "Bradford", "county": "West Yorkshire", "country": "England" },
    { "name": "Huddersfield", "county": "West Yorkshire", "country": "England" },
    { "name": "Halifax", "county": "West Yorkshire", "country": "England" },
    { "name": "Wakefield", "county": "West Yorkshire", "country": "England" },
    { "name": "Dewsbury", "county": "West Yorkshire", "country": "England" },
    { "name": "Batley", "county": "West Yorkshire", "country": "England" },
    { "name": "Keighley", "county": "West Yorkshire", "country": "England" },
    { "name": "Shipley", "county": "West Yorkshire", "country": "England" },
    { "name": "Pudsey", "county": "West Yorkshire", "country": "England" },
    { "name": "Morley", "county": "West Yorkshire", "country": "England" },
    { "name": "Castleford", "county": "West Yorkshire", "country": "England" },
    { "name": "Pontefract", "county": "West Yorkshire", "country": "England" },
    { "name": "Featherstone", "county": "West Yorkshire", "country": "England" },
    { "name": "Normanton", "county": "West Yorkshire", "country": "England" },
    { "name": "Brighouse", "county": "West Yorkshire", "country": "England" },
    { "name": "Elland", "county": "West Yorkshire", "country": "England" },
    { "name": "Todmorden", "county": "West Yorkshire", "country": "England" },
    { "name": "Hebden Bridge", "county": "West Yorkshire", "country": "England" },
    { "name": "Sowerby Bridge", "county": "West Yorkshire", "country": "England" },
    { "name": "Ilkley", "county": "West Yorkshire", "country": "England" },
    { "name": "Otley", "county": "West Yorkshire", "country": "England" },
  
    { "name": "Sheffield", "county": "South Yorkshire", "country": "England" },
    { "name": "Rotherham", "county": "South Yorkshire", "country": "England" },
    { "name": "Doncaster", "county": "South Yorkshire", "country": "England" },
    { "name": "Barnsley", "county": "South Yorkshire", "country": "England" },
    { "name": "Mexborough", "county": "South Yorkshire", "country": "England" },
    { "name": "Wath upon Dearne", "county": "South Yorkshire", "country": "England" },
    { "name": "Chapeltown", "county": "South Yorkshire", "country": "England" },
    { "name": "Stocksbridge", "county": "South Yorkshire", "country": "England" },
  
    { "name": "Derby", "county": "Derbyshire", "country": "England" },
    { "name": "Chesterfield", "county": "Derbyshire", "country": "England" },
    { "name": "Buxton", "county": "Derbyshire", "country": "England" },
    { "name": "Glossop", "county": "Derbyshire", "country": "England" },
    { "name": "New Mills", "county": "Derbyshire", "country": "England" },
    { "name": "Whaley Bridge", "county": "Derbyshire", "country": "England" },
    { "name": "Matlock", "county": "Derbyshire", "country": "England" },
    { "name": "Ilkeston", "county": "Derbyshire", "country": "England" },
    { "name": "Long Eaton", "county": "Derbyshire", "country": "England" },
    { "name": "Ripley", "county": "Derbyshire", "country": "England" },
    { "name": "Belper", "county": "Derbyshire", "country": "England" },
  
    { "name": "Stoke-on-Trent", "county": "Staffordshire", "country": "England" },
    { "name": "Newcastle-under-Lyme", "county": "Staffordshire", "country": "England" },
    { "name": "Stafford", "county": "Staffordshire", "country": "England" },
    { "name": "Stone", "county": "Staffordshire", "country": "England" },
    { "name": "Cannock", "county": "Staffordshire", "country": "England" },
    { "name": "Rugeley", "county": "Staffordshire", "country": "England" },
    { "name": "Lichfield", "county": "Staffordshire", "country": "England" },
    { "name": "Tamworth", "county": "Staffordshire", "country": "England" },
    { "name": "Burton upon Trent", "county": "Staffordshire", "country": "England" },
  
    { "name": "Nottingham", "county": "Nottinghamshire", "country": "England" },
    { "name": "Mansfield", "county": "Nottinghamshire", "country": "England" },
    { "name": "Sutton-in-Ashfield", "county": "Nottinghamshire", "country": "England" },
    { "name": "Kirkby-in-Ashfield", "county": "Nottinghamshire", "country": "England" },
    { "name": "Worksop", "county": "Nottinghamshire", "country": "England" },
    { "name": "Retford", "county": "Nottinghamshire", "country": "England" },
  
    { "name": "Huddersfield", "county": "West Yorkshire", "country": "England" },
    { "name": "Holmfirth", "county": "West Yorkshire", "country": "England" },
    { "name": "Mirfield", "county": "West Yorkshire", "country": "England" },
  
    { "name": "York", "county": "North Yorkshire", "country": "England" },
    { "name": "Harrogate", "county": "North Yorkshire", "country": "England" },
    { "name": "Knaresborough", "county": "North Yorkshire", "country": "England" },
    { "name": "Ripon", "county": "North Yorkshire", "country": "England" },
    { "name": "Skipton", "county": "North Yorkshire", "country": "England" },
    { "name": "Settle", "county": "North Yorkshire", "country": "England" },
  
    { "name": "Wrexham", "county": "Wrexham", "country": "Wales" },
    { "name": "Mold", "county": "Flintshire", "country": "Wales" },
    { "name": "Flint", "county": "Flintshire", "country": "Wales" },
    { "name": "Rhyl", "county": "Denbighshire", "country": "Wales" },
    { "name": "Prestatyn", "county": "Denbighshire", "country": "Wales" },
    { "name": "Llandudno", "county": "Conwy", "country": "Wales" },
    { "name": "Colwyn Bay", "county": "Conwy", "country": "Wales" },
  
    { "name": "Birmingham", "county": "West Midlands", "country": "England" },
    { "name": "Wolverhampton", "county": "West Midlands", "country": "England" },
    { "name": "Walsall", "county": "West Midlands", "country": "England" },
    { "name": "Dudley", "county": "West Midlands", "country": "England" },
    { "name": "West Bromwich", "county": "West Midlands", "country": "England" },
    { "name": "Solihull", "county": "West Midlands", "country": "England" },
  
    { "name": "Huddersfield", "county": "West Yorkshire", "country": "England" },
    { "name": "Rochdale", "county": "Greater Manchester", "country": "England" },
    { "name": "Bolton", "county": "Greater Manchester", "country": "England" },
    { "name": "Stockport", "county": "Greater Manchester", "country": "England" },
    { "name": "Oldham", "county": "Greater Manchester", "country": "England" }
  ]
  